Timestamp,kWh,iKW_TR,Ambient_Temp,Humidity,Occupancy
2025-01-01 00:00:00,774.87,0.711,28.5,59.59,91
2025-01-01 01:00:00,795.69,0.722,29.83,65.62,43
2025-01-01 02:00:00,799.66,0.723,31.23,65.35,21
2025-01-01 03:00:00,736.89,0.757,32.48,61.33,68
2025-01-01 04:00:00,873.33,0.721,32.95,68.17,81
2025-01-01 05:00:00,841.26,0.791,33.25,69.99,70
2025-01-01 06:00:00,818.28,0.724,31.97,73.36,72
2025-01-01 07:00:00,902.07,0.743,34.74,74.4,27
2025-01-01 08:00:00,963.48,0.755,33.41,62.78,305
2025-01-01 09:00:00,1032.1,0.758,32.07,70.67,401
2025-01-01 10:00:00,948.95,0.722,29.99,60.25,252
2025-01-01 11:00:00,987.54,0.718,28.04,64.75,356
2025-01-01 12:00:00,1029.52,0.721,28.89,62.26,460
2025-01-01 13:00:00,944.99,0.658,25.55,57.08,261
2025-01-01 14:00:00,989.43,0.665,25.83,55.89,426
2025-01-01 15:00:00,937.44,0.668,24.12,57.54,454
2025-01-01 16:00:00,1060.91,0.614,21.42,50.5,430
2025-01-01 17:00:00,1003.12,0.624,21.42,51.61,430
2025-01-01 18:00:00,771.07,0.65,21.19,48.49,265
2025-01-01 19:00:00,800.62,0.637,22.1,47.47,63
2025-01-01 20:00:00,747.97,0.633,22.03,50.26,81
2025-01-01 21:00:00,761.57,0.666,25.03,52.05,22
2025-01-01 22:00:00,725.5,0.639,23.58,53.74,70
2025-01-01 23:00:00,808.02,0.678,25.96,55.7,71
2025-01-02 00:00:00,803.43,0.672,26.08,59.92,75
2025-01-02 01:00:00,770.2,0.701,28.89,62.6,20
2025-01-02 02:00:00,800.77,0.737,31.34,64.98,51
2025-01-02 03:00:00,907.85,0.701,30.92,65.07,57
2025-01-02 04:00:00,830.66,0.776,33.78,75.23,35
2025-01-02 05:00:00,918.4,0.787,35.5,72.28,38
2025-01-02 06:00:00,880.2,0.703,33.28,69.19,52
2025-01-02 07:00:00,862.94,0.774,34.28,72.44,76
2025-01-02 08:00:00,975.04,0.772,34.24,70.24,259
2025-01-02 09:00:00,1101.93,0.724,32.1,67.61,432
2025-01-02 10:00:00,995.88,0.772,31.62,68.65,274
2025-01-02 11:00:00,1070.49,0.731,30.12,62.09,352
2025-01-02 12:00:00,947.84,0.68,26.81,61.97,360
2025-01-02 13:00:00,878.85,0.702,25.98,54.07,334
2025-01-02 14:00:00,910.78,0.672,25.63,64.18,221
2025-01-02 15:00:00,1060.39,0.693,24.97,54.54,485
2025-01-02 16:00:00,971.3,0.652,22.43,52.85,346
2025-01-02 17:00:00,800.51,0.639,20.42,49.61,205
2025-01-02 18:00:00,849.17,0.625,21.55,52.33,360
2025-01-02 19:00:00,799.4,0.628,22.91,50.62,77
2025-01-02 20:00:00,769.62,0.626,21.5,49.09,21
2025-01-02 21:00:00,816.02,0.65,24.18,50.74,58
2025-01-02 22:00:00,709.88,0.683,25.3,55.77,32
2025-01-02 23:00:00,763.55,0.698,26.28,55.35,33
2025-01-03 00:00:00,811.29,0.682,27.23,59.29,82
2025-01-03 01:00:00,795.51,0.71,27.76,63.66,77
2025-01-03 02:00:00,767.82,0.724,29.01,66.28,27
2025-01-03 03:00:00,809.85,0.744,31.51,67.72,66
2025-01-03 04:00:00,818.79,0.772,31.89,62.69,77
2025-01-03 05:00:00,845.15,0.751,33.46,68.71,53
2025-01-03 06:00:00,990.32,0.783,34.27,76.73,83
2025-01-03 07:00:00,806.26,0.737,32.28,68.21,35
2025-01-03 08:00:00,1003.19,0.771,32.92,66.85,403
2025-01-03 09:00:00,1145.21,0.79,34.36,65.58,449
2025-01-03 10:00:00,1033.31,0.744,30.87,63.6,449
2025-01-03 11:00:00,932.32,0.723,31.49,63.83,215
2025-01-03 12:00:00,993.65,0.737,28.07,58.84,351
2025-01-03 13:00:00,973.59,0.696,26.67,56.6,300
2025-01-03 14:00:00,956.23,0.663,23.86,56.77,484
2025-01-03 15:00:00,829.01,0.65,24.64,51.54,289
2025-01-03 16:00:00,949.03,0.674,24.76,51.22,313
2025-01-03 17:00:00,843.34,0.678,23.02,52.23,448
2025-01-03 18:00:00,798.32,0.634,23.87,55.06,298
2025-01-03 19:00:00,679.15,0.643,21.54,53.83,81
2025-01-03 20:00:00,764.59,0.678,23.95,53.91,49
2025-01-03 21:00:00,790.94,0.65,23.23,55.78,78
2025-01-03 22:00:00,675.9,0.659,24.8,61.07,35
2025-01-03 23:00:00,843.73,0.709,27.65,53.82,72
2025-01-04 00:00:00,825.1,0.733,27.99,57.31,58
2025-01-04 01:00:00,800.75,0.728,30.44,64.08,36
2025-01-04 02:00:00,748.51,0.737,31.56,67.62,24
2025-01-04 03:00:00,817.82,0.78,33.3,67.78,36
2025-01-04 04:00:00,829.64,0.712,31.16,73.37,38
2025-01-04 05:00:00,918.87,0.773,33.78,68.79,77
2025-01-04 06:00:00,881.18,0.767,34.55,72.2,22
2025-01-04 07:00:00,732.78,0.766,32.35,67.13,75
2025-01-04 08:00:00,963.7,0.733,31.3,70.46,279
2025-01-04 09:00:00,897.81,0.724,32.34,64.75,219
2025-01-04 10:00:00,886.09,0.74,32.44,62.89,211
2025-01-04 11:00:00,860.96,0.695,28.57,61.11,363
2025-01-04 12:00:00,876.24,0.659,27.24,60.45,240
2025-01-04 13:00:00,1038.35,0.731,28.17,52.93,439
2025-01-04 14:00:00,915.92,0.681,25.7,54.6,441
2025-01-04 15:00:00,838.41,0.699,25.16,51.59,345
2025-01-04 16:00:00,886.83,0.637,22.69,55.05,298
2025-01-04 17:00:00,1043.24,0.665,23.84,51.02,458
2025-01-04 18:00:00,822.88,0.647,21.69,45.2,200
2025-01-04 19:00:00,754.58,0.641,22.92,46.97,51
2025-01-04 20:00:00,783.79,0.684,24.08,51.07,69
2025-01-04 21:00:00,757.68,0.719,24.78,53.43,76
2025-01-04 22:00:00,732.22,0.698,26.4,53.83,33
2025-01-04 23:00:00,756.13,0.697,27.51,52.14,49
2025-01-05 00:00:00,914.03,0.676,28.36,65.16,98
2025-01-05 01:00:00,822.19,0.707,27.85,62.42,88
2025-01-05 02:00:00,886.56,0.722,32.12,60.68,94
2025-01-05 03:00:00,862.47,0.759,31.73,63.89,86
2025-01-05 04:00:00,826.95,0.742,33.27,69.72,70
2025-01-05 05:00:00,831.38,0.727,32.36,69.08,53
2025-01-05 06:00:00,831.76,0.758,33.37,69.18,66
2025-01-05 07:00:00,855.91,0.741,33.68,69.0,20
2025-01-05 08:00:00,1078.41,0.746,33.22,69.61,255
2025-01-05 09:00:00,1021.49,0.742,31.62,60.49,353
2025-01-05 10:00:00,1153.48,0.712,34.08,68.36,473
2025-01-05 11:00:00,868.6,0.686,28.74,59.87,227
2025-01-05 12:00:00,914.97,0.76,29.69,62.64,266
2025-01-05 13:00:00,913.07,0.732,28.01,59.08,310
2025-01-05 14:00:00,859.92,0.683,24.61,52.99,205
2025-01-05 15:00:00,920.61,0.632,23.75,48.01,428
2025-01-05 16:00:00,895.62,0.678,23.99,51.22,294
2025-01-05 17:00:00,857.42,0.657,22.2,51.69,261
2025-01-05 18:00:00,907.32,0.636,20.33,51.63,499
2025-01-05 19:00:00,657.99,0.66,22.42,55.47,20
2025-01-05 20:00:00,732.06,0.638,21.66,52.14,96
2025-01-05 21:00:00,679.96,0.654,22.9,51.78,42
2025-01-05 22:00:00,840.49,0.68,24.42,55.78,82
2025-01-05 23:00:00,813.09,0.673,25.72,64.71,54
2025-01-06 00:00:00,772.29,0.679,28.37,58.19,28
2025-01-06 01:00:00,830.87,0.72,29.74,63.65,79
2025-01-06 02:00:00,806.43,0.733,30.41,66.76,49
2025-01-06 03:00:00,913.02,0.742,32.9,63.2,81
2025-01-06 04:00:00,900.6,0.77,34.4,67.44,58
2025-01-06 05:00:00,807.02,0.765,34.5,76.28,82
2025-01-06 06:00:00,771.66,0.786,33.76,72.47,97
2025-01-06 07:00:00,897.53,0.762,35.01,67.02,61
2025-01-06 08:00:00,1094.7,0.778,33.83,75.47,430
2025-01-06 09:00:00,1090.45,0.745,31.75,68.23,395
2025-01-06 10:00:00,940.78,0.74,30.65,67.49,493
2025-01-06 11:00:00,902.89,0.746,31.81,59.79,214
2025-01-06 12:00:00,953.43,0.705,28.76,57.23,329
2025-01-06 13:00:00,969.61,0.691,28.15,58.96,482
2025-01-06 14:00:00,867.23,0.66,25.17,57.51,399
2025-01-06 15:00:00,1018.98,0.668,24.52,53.57,303
2025-01-06 16:00:00,905.98,0.658,22.91,53.52,332
2025-01-06 17:00:00,858.74,0.647,22.45,46.92,250
2025-01-06 18:00:00,871.88,0.661,21.91,52.34,300
2025-01-06 19:00:00,711.29,0.638,20.51,54.93,92
2025-01-06 20:00:00,802.4,0.606,23.28,55.3,54
2025-01-06 21:00:00,769.84,0.671,23.53,54.81,53
2025-01-06 22:00:00,830.44,0.672,25.47,50.41,71
2025-01-06 23:00:00,762.15,0.682,27.53,51.88,41
2025-01-07 00:00:00,873.82,0.708,28.45,60.04,68
2025-01-07 01:00:00,793.25,0.705,28.21,63.03,90
2025-01-07 02:00:00,813.99,0.711,30.22,67.02,81
2025-01-07 03:00:00,769.06,0.756,32.21,65.44,59
2025-01-07 04:00:00,844.98,0.759,33.43,74.11,57
2025-01-07 05:00:00,772.9,0.737,33.23,68.99,22
2025-01-07 06:00:00,890.16,0.733,32.89,75.26,74
2025-01-07 07:00:00,916.15,0.734,33.71,69.75,86
2025-01-07 08:00:00,1060.55,0.756,32.67,70.13,296
2025-01-07 09:00:00,1003.13,0.734,33.49,68.33,364
2025-01-07 10:00:00,1069.41,0.733,30.4,64.23,462
2025-01-07 11:00:00,945.13,0.713,30.92,65.46,396
2025-01-07 12:00:00,838.64,0.748,29.32,54.74,219
2025-01-07 13:00:00,991.47,0.644,24.37,62.5,479
2025-01-07 14:00:00,943.12,0.669,24.98,56.0,423
2025-01-07 15:00:00,890.73,0.651,24.07,47.8,436
2025-01-07 16:00:00,830.11,0.64,21.8,56.9,353
2025-01-07 17:00:00,810.3,0.574,20.57,52.0,216
2025-01-07 18:00:00,908.41,0.666,21.44,50.94,226
2025-01-07 19:00:00,727.84,0.655,21.2,51.87,64
2025-01-07 20:00:00,760.23,0.629,22.39,55.7,21
2025-01-07 21:00:00,803.16,0.657,23.94,50.66,45
2025-01-07 22:00:00,898.05,0.671,25.75,59.5,73
2025-01-07 23:00:00,806.31,0.651,26.54,57.95,52
2025-01-08 00:00:00,799.33,0.749,28.28,59.16,81
2025-01-08 01:00:00,891.6,0.702,28.28,58.6,20
2025-01-08 02:00:00,790.03,0.701,29.44,63.8,22
2025-01-08 03:00:00,896.64,0.775,32.91,70.1,66
2025-01-08 04:00:00,866.82,0.773,34.0,71.45,99
2025-01-08 05:00:00,852.44,0.735,32.27,69.49,45
2025-01-08 06:00:00,872.61,0.735,34.1,68.4,36
2025-01-08 07:00:00,850.84,0.728,32.71,72.82,67
2025-01-08 08:00:00,994.34,0.749,33.85,71.04,302
2025-01-08 09:00:00,970.56,0.758,31.81,66.14,297
2025-01-08 10:00:00,928.83,0.671,28.92,61.15,238
2025-01-08 11:00:00,861.16,0.724,28.9,65.72,409
2025-01-08 12:00:00,994.93,0.719,27.78,62.99,426
2025-01-08 13:00:00,1111.18,0.666,25.93,61.64,444
2025-01-08 14:00:00,854.21,0.658,24.32,50.44,264
2025-01-08 15:00:00,799.95,0.62,22.41,50.17,345
2025-01-08 16:00:00,1012.55,0.633,21.73,53.39,492
2025-01-08 17:00:00,992.4,0.674,22.15,52.37,425
2025-01-08 18:00:00,896.01,0.622,20.43,50.22,425
2025-01-08 19:00:00,886.28,0.657,22.72,53.92,68
2025-01-08 20:00:00,777.84,0.652,21.1,51.87,54
2025-01-08 21:00:00,767.16,0.631,24.1,51.8,32
2025-01-08 22:00:00,762.35,0.697,26.55,60.39,30
2025-01-08 23:00:00,736.6,0.709,26.99,60.66,24
2025-01-09 00:00:00,770.26,0.702,27.76,60.31,37
2025-01-09 01:00:00,896.15,0.722,29.54,66.15,81
2025-01-09 02:00:00,900.44,0.736,32.32,61.6,96
2025-01-09 03:00:00,887.61,0.763,32.83,70.4,78
2025-01-09 04:00:00,883.38,0.744,33.7,71.23,61
2025-01-09 05:00:00,863.55,0.763,33.99,69.18,64
2025-01-09 06:00:00,836.53,0.789,35.21,67.55,50
2025-01-09 07:00:00,864.43,0.751,34.45,63.98,79
2025-01-09 08:00:00,988.86,0.737,33.15,67.67,259
2025-01-09 09:00:00,1074.97,0.756,31.69,68.55,441
2025-01-09 10:00:00,934.6,0.731,30.3,64.88,319
2025-01-09 11:00:00,973.6,0.73,31.12,62.39,257
2025-01-09 12:00:00,986.08,0.739,29.3,60.32,274
2025-01-09 13:00:00,779.91,0.671,26.22,53.97,220
2025-01-09 14:00:00,879.56,0.711,26.16,52.21,361
2025-01-09 15:00:00,851.31,0.647,23.68,56.28,271
2025-01-09 16:00:00,896.09,0.671,24.43,43.9,398
2025-01-09 17:00:00,839.23,0.667,23.45,51.81,352
2025-01-09 18:00:00,832.06,0.636,20.51,50.95,413
2025-01-09 19:00:00,757.75,0.612,21.57,53.33,96
2025-01-09 20:00:00,798.34,0.617,21.87,56.2,57
2025-01-09 21:00:00,801.79,0.678,24.13,54.37,27
2025-01-09 22:00:00,858.44,0.684,24.68,55.14,73
2025-01-09 23:00:00,823.92,0.684,26.23,57.49,21
2025-01-10 00:00:00,884.53,0.699,26.61,56.68,57
2025-01-10 01:00:00,835.09,0.694,28.98,64.31,63
2025-01-10 02:00:00,848.93,0.759,32.81,66.07,27
2025-01-10 03:00:00,873.18,0.787,32.76,71.0,26
2025-01-10 04:00:00,940.76,0.756,34.55,70.05,22
2025-01-10 05:00:00,861.26,0.784,35.53,72.88,44
2025-01-10 06:00:00,907.53,0.725,34.52,68.28,74
2025-01-10 07:00:00,835.91,0.721,32.95,69.62,54
2025-01-10 08:00:00,1089.43,0.774,33.68,67.4,412
2025-01-10 09:00:00,1068.53,0.731,30.38,64.37,219
2025-01-10 10:00:00,1055.17,0.792,33.59,66.24,449
2025-01-10 11:00:00,1045.53,0.727,27.92,60.87,385
2025-01-10 12:00:00,960.09,0.663,27.37,61.19,207
2025-01-10 13:00:00,867.31,0.665,25.06,61.74,201
2025-01-10 14:00:00,965.61,0.69,23.35,54.85,310
2025-01-10 15:00:00,921.43,0.649,23.07,53.76,344
2025-01-10 16:00:00,915.27,0.666,23.61,47.6,363
2025-01-10 17:00:00,910.96,0.651,22.28,46.49,465
2025-01-10 18:00:00,804.8,0.636,24.19,46.22,200
2025-01-10 19:00:00,753.01,0.698,23.61,45.52,66
2025-01-10 20:00:00,764.05,0.674,23.19,52.63,47
2025-01-10 21:00:00,783.33,0.639,23.24,53.06,97
2025-01-10 22:00:00,791.62,0.629,24.87,51.9,78
2025-01-10 23:00:00,706.09,0.752,27.36,58.45,75
2025-01-11 00:00:00,766.65,0.701,27.13,61.21,64
2025-01-11 01:00:00,879.18,0.718,30.15,60.16,48
2025-01-11 02:00:00,849.89,0.739,31.55,62.25,74
2025-01-11 03:00:00,881.68,0.739,32.43,67.57,95
2025-01-11 04:00:00,804.29,0.786,33.38,70.92,50
2025-01-11 05:00:00,869.53,0.757,33.02,70.55,85
2025-01-11 06:00:00,861.0,0.757,34.32,71.27,96
2025-01-11 07:00:00,914.03,0.782,35.02,71.74,23
2025-01-11 08:00:00,1009.2,0.739,33.92,70.57,328
2025-01-11 09:00:00,878.01,0.724,30.96,62.14,292
2025-01-11 10:00:00,1112.17,0.737,29.71,63.2,466
2025-01-11 11:00:00,920.77,0.71,28.86,69.35,202
2025-01-11 12:00:00,909.57,0.69,28.09,56.46,499
2025-01-11 13:00:00,928.66,0.706,28.07,58.39,220
2025-01-11 14:00:00,981.2,0.643,25.1,54.81,470
2025-01-11 15:00:00,884.53,0.657,23.29,51.65,251
2025-01-11 16:00:00,980.82,0.688,25.26,54.28,305
2025-01-11 17:00:00,898.55,0.647,21.6,45.58,462
2025-01-11 18:00:00,878.82,0.667,23.85,50.67,440
2025-01-11 19:00:00,711.77,0.665,22.18,52.0,26
2025-01-11 20:00:00,794.33,0.646,21.8,51.55,32
2025-01-11 21:00:00,695.76,0.664,23.47,54.13,28
2025-01-11 22:00:00,716.7,0.664,25.74,54.24,43
2025-01-11 23:00:00,798.06,0.695,25.73,60.1,38
2025-01-12 00:00:00,943.5,0.681,28.59,62.04,93
2025-01-12 01:00:00,817.51,0.718,30.08,60.38,52
2025-01-12 02:00:00,778.59,0.736,31.04,64.56,90
2025-01-12 03:00:00,818.84,0.79,33.7,62.02,44
2025-01-12 04:00:00,910.87,0.758,34.87,67.0,94
2025-01-12 05:00:00,820.14,0.721,32.17,71.35,55
2025-01-12 06:00:00,938.93,0.749,33.35,66.33,87
2025-01-12 07:00:00,909.8,0.755,33.27,70.28,51
2025-01-12 08:00:00,1026.47,0.732,33.66,75.01,257
2025-01-12 09:00:00,1125.07,0.723,33.92,68.33,485
2025-01-12 10:00:00,948.81,0.707,32.31,67.08,407
2025-01-12 11:00:00,956.56,0.686,27.22,61.09,478
2025-01-12 12:00:00,954.3,0.704,29.21,60.43,348
2025-01-12 13:00:00,942.31,0.689,26.87,58.42,471
2025-01-12 14:00:00,976.04,0.677,24.32,51.48,457
2025-01-12 15:00:00,925.02,0.699,22.91,48.13,353
2025-01-12 16:00:00,879.28,0.599,22.8,53.86,300
2025-01-12 17:00:00,994.56,0.691,23.09,43.46,490
2025-01-12 18:00:00,790.61,0.628,21.3,51.3,206
2025-01-12 19:00:00,756.28,0.633,21.02,49.28,21
2025-01-12 20:00:00,745.57,0.657,22.08,59.23,52
2025-01-12 21:00:00,660.69,0.673,25.15,54.6,71
2025-01-12 22:00:00,807.32,0.599,24.63,52.02,27
2025-01-12 23:00:00,775.37,0.693,26.34,57.21,31
2025-01-13 00:00:00,835.43,0.691,28.06,54.07,37
2025-01-13 01:00:00,769.53,0.698,27.9,66.36,50
2025-01-13 02:00:00,814.91,0.741,30.44,63.77,92
2025-01-13 03:00:00,775.69,0.76,32.79,64.3,23
2025-01-13 04:00:00,907.66,0.753,32.46,66.56,71
2025-01-13 05:00:00,819.38,0.762,34.67,71.68,82
2025-01-13 06:00:00,824.49,0.725,32.83,64.59,33
2025-01-13 07:00:00,972.09,0.772,33.56,66.52,98
2025-01-13 08:00:00,941.77,0.768,33.65,65.08,212
2025-01-13 09:00:00,931.48,0.744,32.36,64.15,390
2025-01-13 10:00:00,831.47,0.717,30.61,66.66,281
2025-01-13 11:00:00,911.35,0.692,28.68,55.76,220
2025-01-13 12:00:00,1106.39,0.686,27.8,58.86,441
2025-01-13 13:00:00,989.71,0.687,27.19,58.31,399
2025-01-13 14:00:00,898.54,0.715,26.01,54.61,268
2025-01-13 15:00:00,860.02,0.659,23.53,53.2,286
2025-01-13 16:00:00,853.02,0.658,21.46,48.42,338
2025-01-13 17:00:00,887.79,0.639,23.45,43.73,207
2025-01-13 18:00:00,786.71,0.608,20.58,54.5,248
2025-01-13 19:00:00,713.99,0.67,23.17,50.18,29
2025-01-13 20:00:00,766.66,0.665,22.86,52.15,72
2025-01-13 21:00:00,769.18,0.643,22.68,54.02,29
2025-01-13 22:00:00,674.77,0.684,24.41,51.16,78
2025-01-13 23:00:00,801.38,0.676,25.94,55.13,63
2025-01-14 00:00:00,829.4,0.679,26.66,62.74,51
2025-01-14 01:00:00,806.12,0.751,29.86,57.61,40
2025-01-14 02:00:00,884.15,0.719,31.49,67.2,26
2025-01-14 03:00:00,836.65,0.744,32.54,61.92,32
2025-01-14 04:00:00,951.0,0.761,34.01,70.39,98
2025-01-14 05:00:00,914.04,0.79,34.1,74.77,80
2025-01-14 06:00:00,832.51,0.771,34.16,67.43,44
2025-01-14 07:00:00,872.41,0.762,33.55,69.6,20
2025-01-14 08:00:00,965.87,0.755,32.34,66.8,209
2025-01-14 09:00:00,1007.27,0.787,33.79,69.91,311
2025-01-14 10:00:00,1011.2,0.74,29.55,61.68,442
2025-01-14 11:00:00,1026.16,0.697,28.48,62.61,310
2025-01-14 12:00:00,1008.55,0.694,28.22,62.8,492
2025-01-14 13:00:00,995.74,0.664,25.0,52.43,270
2025-01-14 14:00:00,866.05,0.673,25.13,52.94,254
2025-01-14 15:00:00,892.08,0.69,26.27,51.91,358
2025-01-14 16:00:00,901.13,0.688,23.87,53.88,316
2025-01-14 17:00:00,857.75,0.646,21.06,49.76,382
2025-01-14 18:00:00,977.83,0.652,21.42,49.49,450
2025-01-14 19:00:00,818.81,0.645,21.33,48.72,89
2025-01-14 20:00:00,816.78,0.663,22.58,48.46,97
2025-01-14 21:00:00,725.75,0.677,24.11,53.07,22
2025-01-14 22:00:00,726.74,0.619,23.1,55.51,38
2025-01-14 23:00:00,823.93,0.696,26.96,55.81,93
2025-01-15 00:00:00,660.57,0.692,27.51,60.43,58
2025-01-15 01:00:00,817.81,0.718,30.45,64.92,73
2025-01-15 02:00:00,797.08,0.718,31.73,64.48,55
2025-01-15 03:00:00,823.84,0.722,31.17,61.26,96
2025-01-15 04:00:00,741.28,0.78,34.25,74.76,40
2025-01-15 05:00:00,883.18,0.767,34.53,68.82,51
2025-01-15 06:00:00,901.89,0.778,34.7,70.29,61
2025-01-15 07:00:00,896.62,0.732,33.69,76.73,40
2025-01-15 08:00:00,993.56,0.744,33.49,64.59,360
2025-01-15 09:00:00,1021.96,0.75,32.88,65.72,488
2025-01-15 10:00:00,1010.25,0.763,31.43,67.08,368
2025-01-15 11:00:00,867.33,0.701,28.22,64.24,297
2025-01-15 12:00:00,895.39,0.716,27.55,66.03,324
2025-01-15 13:00:00,858.09,0.68,26.14,58.08,258
2025-01-15 14:00:00,957.58,0.645,24.37,56.81,476
2025-01-15 15:00:00,936.28,0.669,23.88,57.8,431
2025-01-15 16:00:00,935.14,0.692,23.12,51.24,225
2025-01-15 17:00:00,831.84,0.703,21.94,48.25,243
2025-01-15 18:00:00,826.32,0.639,22.3,47.74,288
2025-01-15 19:00:00,632.43,0.632,20.85,49.55,31
2025-01-15 20:00:00,754.8,0.677,23.17,55.45,91
2025-01-15 21:00:00,869.74,0.622,23.83,55.49,61
2025-01-15 22:00:00,891.98,0.677,25.38,51.64,22
2025-01-15 23:00:00,741.27,0.692,26.35,56.45,51
2025-01-16 00:00:00,829.2,0.725,30.06,56.8,38
2025-01-16 01:00:00,788.86,0.72,30.07,62.61,82
2025-01-16 02:00:00,814.92,0.74,30.08,68.52,47
2025-01-16 03:00:00,831.2,0.765,33.43,74.84,44
2025-01-16 04:00:00,857.32,0.781,33.49,68.44,28
2025-01-16 05:00:00,856.73,0.763,32.79,73.08,30
2025-01-16 06:00:00,843.39,0.77,32.89,67.48,22
2025-01-16 07:00:00,843.97,0.786,33.34,68.75,81
2025-01-16 08:00:00,1032.31,0.785,33.45,69.92,274
2025-01-16 09:00:00,977.56,0.766,33.24,65.78,338
2025-01-16 10:00:00,1010.22,0.737,30.68,62.97,447
2025-01-16 11:00:00,1028.83,0.703,29.04,64.92,390
2025-01-16 12:00:00,909.74,0.698,27.4,56.36,220
2025-01-16 13:00:00,932.87,0.705,26.8,58.88,451
2025-01-16 14:00:00,819.68,0.644,25.27,56.95,290
2025-01-16 15:00:00,939.0,0.651,23.19,48.97,389
2025-01-16 16:00:00,945.88,0.645,22.62,48.51,480
2025-01-16 17:00:00,922.18,0.669,22.75,52.99,483
2025-01-16 18:00:00,892.5,0.671,21.46,52.42,319
2025-01-16 19:00:00,676.3,0.65,21.98,49.29,83
2025-01-16 20:00:00,786.91,0.673,23.55,48.68,60
2025-01-16 21:00:00,845.53,0.669,24.66,53.57,74
2025-01-16 22:00:00,722.73,0.665,24.44,49.92,30
2025-01-16 23:00:00,803.03,0.722,26.79,60.9,52
2025-01-17 00:00:00,780.92,0.708,26.88,59.67,38
2025-01-17 01:00:00,860.15,0.756,31.17,66.53,39
2025-01-17 02:00:00,800.56,0.674,30.19,66.17,23
2025-01-17 03:00:00,870.83,0.746,32.67,67.5,53
2025-01-17 04:00:00,888.05,0.75,32.57,64.01,44
2025-01-17 05:00:00,863.09,0.715,33.61,64.88,76
2025-01-17 06:00:00,930.15,0.812,34.45,66.28,75
2025-01-17 07:00:00,885.89,0.788,34.09,70.53,58
2025-01-17 08:00:00,990.25,0.729,31.32,69.01,432
2025-01-17 09:00:00,996.36,0.734,31.36,67.88,258
2025-01-17 10:00:00,1039.92,0.747,32.9,64.82,346
2025-01-17 11:00:00,942.4,0.708,29.18,59.22,218
2025-01-17 12:00:00,1059.82,0.688,28.77,64.59,439
2025-01-17 13:00:00,1041.19,0.711,27.26,59.02,376
2025-01-17 14:00:00,876.8,0.673,24.73,52.33,326
2025-01-17 15:00:00,930.49,0.666,24.89,59.53,312
2025-01-17 16:00:00,915.76,0.66,24.03,54.81,465
2025-01-17 17:00:00,827.37,0.649,22.66,47.12,316
2025-01-17 18:00:00,1070.57,0.63,21.97,49.38,434
2025-01-17 19:00:00,775.85,0.616,20.25,52.54,42
2025-01-17 20:00:00,816.68,0.627,22.07,50.84,92
2025-01-17 21:00:00,904.04,0.644,25.15,52.18,86
2025-01-17 22:00:00,701.63,0.69,24.64,55.7,94
2025-01-17 23:00:00,876.18,0.762,28.03,59.75,52
2025-01-18 00:00:00,797.09,0.72,28.45,56.91,56
2025-01-18 01:00:00,903.31,0.719,30.86,66.78,62
2025-01-18 02:00:00,761.4,0.747,30.13,65.63,83
2025-01-18 03:00:00,852.15,0.761,34.13,65.68,69
2025-01-18 04:00:00,843.21,0.754,33.74,68.68,23
2025-01-18 05:00:00,781.28,0.749,33.65,71.87,70
2025-01-18 06:00:00,910.22,0.766,33.91,70.69,25
2025-01-18 07:00:00,797.69,0.76,33.69,71.0,41
2025-01-18 08:00:00,996.93,0.786,34.93,75.35,241
2025-01-18 09:00:00,935.79,0.753,32.27,63.1,220
2025-01-18 10:00:00,1033.02,0.751,31.96,59.53,479
2025-01-18 11:00:00,1007.4,0.71,30.26,65.15,303
2025-01-18 12:00:00,899.18,0.706,29.72,59.14,207
2025-01-18 13:00:00,963.95,0.7,24.92,58.13,263
2025-01-18 14:00:00,981.96,0.656,24.41,48.71,445
2025-01-18 15:00:00,823.59,0.66,24.03,51.9,219
2025-01-18 16:00:00,764.79,0.664,21.89,51.43,269
2025-01-18 17:00:00,1024.6,0.61,21.3,48.38,415
2025-01-18 18:00:00,901.45,0.657,21.78,52.02,378
2025-01-18 19:00:00,749.32,0.691,24.31,46.84,23
2025-01-18 20:00:00,752.04,0.658,21.78,48.96,82
2025-01-18 21:00:00,830.18,0.697,26.09,53.51,50
2025-01-18 22:00:00,743.71,0.643,25.08,58.24,83
2025-01-18 23:00:00,868.05,0.681,25.82,60.0,75
2025-01-19 00:00:00,830.16,0.7,29.21,55.68,34
2025-01-19 01:00:00,830.07,0.744,30.25,66.14,20
2025-01-19 02:00:00,890.33,0.707,30.97,62.35,65
2025-01-19 03:00:00,893.03,0.776,34.35,69.42,96
2025-01-19 04:00:00,886.79,0.766,32.73,68.0,53
2025-01-19 05:00:00,892.03,0.729,32.19,67.37,53
2025-01-19 06:00:00,864.43,0.752,33.85,72.1,46
2025-01-19 07:00:00,867.17,0.765,33.97,73.27,49
2025-01-19 08:00:00,1081.97,0.749,34.56,64.73,413
2025-01-19 09:00:00,958.04,0.731,32.11,70.34,253
2025-01-19 10:00:00,955.9,0.765,31.81,62.08,252
2025-01-19 11:00:00,1014.19,0.669,28.4,62.78,463
2025-01-19 12:00:00,904.74,0.693,27.31,58.77,326
2025-01-19 13:00:00,958.78,0.677,27.4,54.31,287
2025-01-19 14:00:00,884.66,0.642,24.34,54.09,264
2025-01-19 15:00:00,815.67,0.636,23.97,56.11,340
2025-01-19 16:00:00,926.3,0.639,22.99,52.72,385
2025-01-19 17:00:00,967.89,0.658,21.36,51.57,412
2025-01-19 18:00:00,858.12,0.606,22.09,50.59,293
2025-01-19 19:00:00,741.86,0.664,22.2,47.43,47
2025-01-19 20:00:00,753.26,0.68,23.09,48.84,90
2025-01-19 21:00:00,805.03,0.654,24.08,53.83,35
2025-01-19 22:00:00,785.45,0.67,25.84,58.92,64
2025-01-19 23:00:00,811.97,0.683,26.59,56.39,73
2025-01-20 00:00:00,834.94,0.703,27.12,55.76,76
2025-01-20 01:00:00,821.34,0.686,28.63,62.89,93
2025-01-20 02:00:00,789.63,0.713,28.44,64.43,36
2025-01-20 03:00:00,938.69,0.738,32.86,68.17,79
2025-01-20 04:00:00,865.08,0.757,31.5,67.67,77
2025-01-20 05:00:00,849.49,0.73,33.6,67.58,53
2025-01-20 06:00:00,756.86,0.753,32.79,66.16,74
2025-01-20 07:00:00,878.63,0.783,34.78,65.6,26
2025-01-20 08:00:00,1005.86,0.751,34.46,69.2,416
2025-01-20 09:00:00,1121.62,0.743,32.55,67.52,425
2025-01-20 10:00:00,1053.87,0.732,30.3,64.88,289
2025-01-20 11:00:00,979.42,0.712,30.39,68.53,477
2025-01-20 12:00:00,865.73,0.714,27.62,59.05,225
2025-01-20 13:00:00,889.93,0.702,27.35,57.59,248
2025-01-20 14:00:00,916.02,0.676,25.3,60.24,358
2025-01-20 15:00:00,771.27,0.635,22.92,59.2,253
2025-01-20 16:00:00,855.05,0.646,22.1,55.1,321
2025-01-20 17:00:00,869.58,0.654,23.05,48.49,409
2025-01-20 18:00:00,774.19,0.658,24.29,45.33,205
2025-01-20 19:00:00,776.55,0.621,21.78,52.11,89
2025-01-20 20:00:00,743.53,0.629,20.21,51.19,78
2025-01-20 21:00:00,727.05,0.642,23.33,48.08,38
2025-01-20 22:00:00,774.69,0.687,25.54,57.28,36
2025-01-20 23:00:00,879.92,0.679,26.36,53.68,84
2025-01-21 00:00:00,748.54,0.715,28.31,63.16,56
2025-01-21 01:00:00,819.48,0.74,30.44,61.23,91
2025-01-21 02:00:00,820.07,0.737,30.44,60.63,32
2025-01-21 03:00:00,907.39,0.701,29.34,73.07,86
2025-01-21 04:00:00,739.78,0.765,31.33,71.68,37
2025-01-21 05:00:00,882.61,0.746,32.99,71.9,84
2025-01-21 06:00:00,768.38,0.729,32.46,75.95,70
2025-01-21 07:00:00,871.68,0.775,33.61,70.18,90
2025-01-21 08:00:00,1071.64,0.724,33.07,73.19,441
2025-01-21 09:00:00,972.53,0.731,31.69,63.99,302
2025-01-21 10:00:00,960.29,0.74,29.59,62.21,394
2025-01-21 11:00:00,957.52,0.683,29.62,66.52,380
2025-01-21 12:00:00,926.3,0.695,28.69,52.32,337
2025-01-21 13:00:00,1008.54,0.666,26.42,56.75,378
2025-01-21 14:00:00,913.37,0.64,23.92,60.44,229
2025-01-21 15:00:00,826.05,0.681,23.29,54.32,246
2025-01-21 16:00:00,949.3,0.655,24.54,54.28,258
2025-01-21 17:00:00,697.03,0.619,20.46,50.74,209
2025-01-21 18:00:00,863.25,0.646,22.14,51.47,322
2025-01-21 19:00:00,767.07,0.671,24.2,59.67,55
2025-01-21 20:00:00,794.29,0.643,22.45,50.2,58
2025-01-21 21:00:00,828.4,0.656,24.84,55.7,76
2025-01-21 22:00:00,709.81,0.673,24.44,51.7,25
2025-01-21 23:00:00,882.29,0.645,26.76,56.07,66
2025-01-22 00:00:00,843.38,0.694,27.82,54.1,51
2025-01-22 01:00:00,821.08,0.727,29.81,61.62,52
2025-01-22 02:00:00,855.27,0.739,31.77,62.0,25
2025-01-22 03:00:00,793.65,0.742,32.25,65.09,46
2025-01-22 04:00:00,802.88,0.774,33.38,69.35,87
2025-01-22 05:00:00,917.7,0.731,33.8,73.72,91
2025-01-22 06:00:00,890.61,0.759,35.21,70.78,70
2025-01-22 07:00:00,884.75,0.745,32.79,66.35,46
2025-01-22 08:00:00,949.26,0.728,34.21,68.1,268
2025-01-22 09:00:00,942.5,0.73,31.13,70.78,246
2025-01-22 10:00:00,1006.02,0.71,31.7,67.57,414
2025-01-22 11:00:00,926.62,0.708,29.14,63.37,228
2025-01-22 12:00:00,905.96,0.705,28.4,59.87,205
2025-01-22 13:00:00,920.24,0.672,25.11,58.13,418
2025-01-22 14:00:00,952.81,0.654,25.39,62.36,490
2025-01-22 15:00:00,980.81,0.645,23.96,53.14,494
2025-01-22 16:00:00,923.28,0.673,22.4,56.95,489
2025-01-22 17:00:00,867.89,0.676,20.55,56.75,247
2025-01-22 18:00:00,945.94,0.688,24.16,47.07,349
2025-01-22 19:00:00,761.2,0.632,21.7,49.92,84
2025-01-22 20:00:00,770.89,0.627,22.48,46.47,20
2025-01-22 21:00:00,763.14,0.668,25.18,55.02,25
2025-01-22 22:00:00,693.98,0.663,25.23,53.89,44
2025-01-22 23:00:00,902.01,0.712,28.12,55.93,45
2025-01-23 00:00:00,814.13,0.686,27.04,61.95,58
2025-01-23 01:00:00,783.04,0.67,28.77,60.52,88
2025-01-23 02:00:00,852.5,0.744,31.46,60.95,35
2025-01-23 03:00:00,771.08,0.73,30.84,67.69,93
2025-01-23 04:00:00,810.71,0.77,32.8,73.07,25
2025-01-23 05:00:00,913.79,0.733,33.38,73.75,77
2025-01-23 06:00:00,832.02,0.772,32.38,63.89,56
2025-01-23 07:00:00,856.93,0.773,35.29,69.66,77
2025-01-23 08:00:00,1091.84,0.74,33.99,68.61,406
2025-01-23 09:00:00,958.69,0.737,32.21,66.61,301
2025-01-23 10:00:00,961.46,0.763,31.79,66.02,308
2025-01-23 11:00:00,903.75,0.725,29.45,64.93,433
2025-01-23 12:00:00,941.85,0.722,29.05,58.6,352
2025-01-23 13:00:00,928.88,0.646,27.01,59.23,309
2025-01-23 14:00:00,831.67,0.668,24.77,52.45,308
2025-01-23 15:00:00,900.26,0.674,24.18,55.47,275
2025-01-23 16:00:00,874.52,0.647,24.86,47.95,484
2025-01-23 17:00:00,875.48,0.669,21.44,54.77,311
2025-01-23 18:00:00,941.63,0.674,21.72,51.27,337
2025-01-23 19:00:00,665.62,0.628,21.95,49.33,30
2025-01-23 20:00:00,798.07,0.666,23.83,57.61,66
2025-01-23 21:00:00,740.21,0.628,22.91,58.09,84
2025-01-23 22:00:00,812.52,0.698,27.24,59.15,67
2025-01-23 23:00:00,822.72,0.676,27.2,57.39,58
2025-01-24 00:00:00,863.9,0.71,27.53,56.15,68
2025-01-24 01:00:00,918.24,0.745,30.58,63.55,22
2025-01-24 02:00:00,866.81,0.741,29.9,67.51,44
2025-01-24 03:00:00,852.41,0.735,32.02,71.95,99
2025-01-24 04:00:00,875.31,0.749,33.46,63.23,48
2025-01-24 05:00:00,960.93,0.736,33.71,72.73,72
2025-01-24 06:00:00,861.85,0.77,32.66,69.74,55
2025-01-24 07:00:00,870.85,0.785,33.76,70.73,96
2025-01-24 08:00:00,1046.91,0.771,32.12,66.59,381
2025-01-24 09:00:00,987.93,0.759,31.36,71.44,259
2025-01-24 10:00:00,1012.82,0.709,31.65,61.59,248
2025-01-24 11:00:00,1066.4,0.725,29.66,60.85,400
2025-01-24 12:00:00,951.46,0.738,28.75,61.87,408
2025-01-24 13:00:00,896.07,0.712,25.22,61.33,414
2025-01-24 14:00:00,925.67,0.683,25.53,56.24,444
2025-01-24 15:00:00,950.64,0.64,25.57,52.27,253
2025-01-24 16:00:00,898.38,0.665,23.19,47.65,293
2025-01-24 17:00:00,888.95,0.676,22.58,55.17,417
2025-01-24 18:00:00,1014.17,0.602,22.51,53.09,423
2025-01-24 19:00:00,715.82,0.686,24.39,51.94,86
2025-01-24 20:00:00,787.83,0.65,21.99,49.51,32
2025-01-24 21:00:00,813.79,0.67,23.6,56.85,89
2025-01-24 22:00:00,774.57,0.632,24.36,56.37,27
2025-01-24 23:00:00,710.03,0.679,26.54,56.62,25
2025-01-25 00:00:00,818.81,0.73,29.73,60.31,90
2025-01-25 01:00:00,944.43,0.685,28.85,62.96,67
2025-01-25 02:00:00,824.27,0.717,29.92,61.52,54
2025-01-25 03:00:00,807.68,0.768,32.58,71.37,67
2025-01-25 04:00:00,971.43,0.773,33.23,65.33,77
2025-01-25 05:00:00,872.13,0.748,34.04,72.79,44
2025-01-25 06:00:00,821.14,0.758,34.88,73.51,80
2025-01-25 07:00:00,957.84,0.792,34.5,70.14,74
2025-01-25 08:00:00,987.21,0.738,30.68,64.59,249
2025-01-25 09:00:00,1077.26,0.742,32.93,71.86,402
2025-01-25 10:00:00,984.38,0.752,30.48,65.46,258
2025-01-25 11:00:00,901.85,0.734,28.81,61.13,263
2025-01-25 12:00:00,945.75,0.679,26.68,66.71,341
2025-01-25 13:00:00,856.21,0.676,24.45,51.26,219
2025-01-25 14:00:00,992.94,0.666,22.47,54.11,492
2025-01-25 15:00:00,947.92,0.656,23.93,52.03,498
2025-01-25 16:00:00,950.57,0.69,23.74,52.12,343
2025-01-25 17:00:00,858.68,0.666,22.65,50.35,354
2025-01-25 18:00:00,936.68,0.626,22.29,50.22,463
2025-01-25 19:00:00,709.6,0.607,20.19,46.59,36
2025-01-25 20:00:00,735.19,0.631,22.63,46.69,29
2025-01-25 21:00:00,749.84,0.651,24.09,52.99,59
2025-01-25 22:00:00,755.86,0.646,23.74,56.76,75
2025-01-25 23:00:00,835.41,0.687,27.82,54.0,55
2025-01-26 00:00:00,700.47,0.693,27.59,57.22,41
2025-01-26 01:00:00,928.65,0.727,30.9,63.43,88
2025-01-26 02:00:00,825.93,0.684,29.92,61.62,63
2025-01-26 03:00:00,809.8,0.761,32.16,64.57,76
2025-01-26 04:00:00,864.91,0.741,32.05,67.15,67
2025-01-26 05:00:00,937.36,0.75,32.72,71.43,98
2025-01-26 06:00:00,873.54,0.782,32.82,68.5,96
2025-01-26 07:00:00,905.69,0.765,35.04,69.47,90
2025-01-26 08:00:00,1004.12,0.763,33.57,66.53,386
2025-01-26 09:00:00,1129.48,0.742,32.5,63.31,387
2025-01-26 10:00:00,1009.04,0.752,31.3,60.45,480
2025-01-26 11:00:00,984.95,0.709,29.79,61.93,330
2025-01-26 12:00:00,881.11,0.722,28.38,59.43,399
2025-01-26 13:00:00,990.85,0.661,25.75,59.81,455
2025-01-26 14:00:00,955.29,0.641,25.4,56.4,389
2025-01-26 15:00:00,936.34,0.716,26.29,54.8,212
2025-01-26 16:00:00,912.58,0.631,22.66,49.74,472
2025-01-26 17:00:00,880.58,0.667,22.91,50.89,310
2025-01-26 18:00:00,1040.02,0.668,23.59,49.38,471
2025-01-26 19:00:00,730.61,0.689,24.09,50.7,32
2025-01-26 20:00:00,750.76,0.636,22.42,52.49,40
2025-01-26 21:00:00,805.5,0.743,24.46,49.55,71
2025-01-26 22:00:00,726.79,0.663,22.92,60.17,73
2025-01-26 23:00:00,819.93,0.69,26.02,51.27,97
2025-01-27 00:00:00,878.08,0.705,26.75,61.39,30
2025-01-27 01:00:00,819.04,0.732,29.83,58.31,59
2025-01-27 02:00:00,809.84,0.707,31.1,68.89,68
2025-01-27 03:00:00,935.96,0.769,32.75,67.66,47
2025-01-27 04:00:00,809.91,0.765,32.59,65.91,57
2025-01-27 05:00:00,849.96,0.758,34.67,74.08,77
2025-01-27 06:00:00,928.83,0.759,34.85,68.64,61
2025-01-27 07:00:00,812.59,0.77,34.44,69.09,46
2025-01-27 08:00:00,1010.23,0.768,33.14,70.11,489
2025-01-27 09:00:00,966.43,0.772,31.69,64.46,394
2025-01-27 10:00:00,975.31,0.751,31.93,64.29,339
2025-01-27 11:00:00,935.86,0.706,28.45,65.36,288
2025-01-27 12:00:00,965.31,0.699,29.02,60.87,315
2025-01-27 13:00:00,956.05,0.694,24.63,58.22,342
2025-01-27 14:00:00,852.58,0.666,23.19,59.12,269
2025-01-27 15:00:00,949.42,0.67,24.61,56.68,217
2025-01-27 16:00:00,925.33,0.664,24.2,45.19,379
2025-01-27 17:00:00,846.97,0.614,21.07,57.58,255
2025-01-27 18:00:00,844.89,0.685,22.32,49.33,201
2025-01-27 19:00:00,721.62,0.594,20.46,52.09,80
2025-01-27 20:00:00,726.88,0.679,22.11,53.61,53
2025-01-27 21:00:00,805.94,0.647,24.31,48.92,84
2025-01-27 22:00:00,665.02,0.666,25.27,56.33,41
2025-01-27 23:00:00,734.79,0.7,27.6,55.86,36
2025-01-28 00:00:00,785.04,0.707,27.56,63.12,64
2025-01-28 01:00:00,881.56,0.741,30.75,61.2,73
2025-01-28 02:00:00,857.6,0.76,30.13,63.02,79
2025-01-28 03:00:00,879.89,0.717,32.22,65.53,39
2025-01-28 04:00:00,811.11,0.748,31.66,71.93,33
2025-01-28 05:00:00,888.71,0.768,33.87,64.83,82
2025-01-28 06:00:00,922.79,0.751,33.78,68.11,54
2025-01-28 07:00:00,940.01,0.755,34.22,73.25,36
2025-01-28 08:00:00,1097.6,0.74,35.53,74.53,438
2025-01-28 09:00:00,1008.99,0.744,31.8,65.46,436
2025-01-28 10:00:00,1030.22,0.708,30.12,61.66,463
2025-01-28 11:00:00,1032.97,0.733,28.04,59.6,485
2025-01-28 12:00:00,949.57,0.69,27.27,65.45,259
2025-01-28 13:00:00,902.25,0.678,26.7,56.3,205
2025-01-28 14:00:00,980.3,0.698,27.35,47.01,428
2025-01-28 15:00:00,886.88,0.667,23.91,55.9,305
2025-01-28 16:00:00,913.97,0.665,21.94,55.18,413
2025-01-28 17:00:00,945.61,0.632,21.89,47.43,446
2025-01-28 18:00:00,840.65,0.64,23.28,53.26,312
2025-01-28 19:00:00,722.79,0.648,22.1,42.23,49
2025-01-28 20:00:00,715.03,0.626,21.06,57.28,93
2025-01-28 21:00:00,797.81,0.639,22.62,53.96,94
2025-01-28 22:00:00,765.7,0.641,24.86,57.22,73
2025-01-28 23:00:00,742.52,0.706,25.76,60.55,67
2025-01-29 00:00:00,939.25,0.725,27.88,60.05,78
2025-01-29 01:00:00,764.34,0.704,28.99,63.74,65
2025-01-29 02:00:00,824.97,0.705,30.3,61.8,55
2025-01-29 03:00:00,808.74,0.726,33.08,65.96,49
2025-01-29 04:00:00,862.31,0.796,34.04,69.77,56
2025-01-29 05:00:00,957.4,0.769,34.3,75.19,96
2025-01-29 06:00:00,811.64,0.779,33.39,71.37,39
2025-01-29 07:00:00,924.95,0.731,32.81,68.93,37
2025-01-29 08:00:00,982.52,0.733,33.72,65.25,420
2025-01-29 09:00:00,971.62,0.712,31.51,65.97,237
2025-01-29 10:00:00,884.48,0.729,31.52,67.92,249
2025-01-29 11:00:00,1081.87,0.744,28.77,66.58,499
2025-01-29 12:00:00,947.56,0.726,27.59,62.14,380
2025-01-29 13:00:00,1132.92,0.706,28.56,54.55,472
2025-01-29 14:00:00,904.05,0.695,24.94,53.85,287
2025-01-29 15:00:00,903.56,0.674,22.81,50.9,305
2025-01-29 16:00:00,1002.52,0.64,22.08,51.4,495
2025-01-29 17:00:00,892.22,0.628,23.36,46.53,241
2025-01-29 18:00:00,922.59,0.594,21.64,49.18,441
2025-01-29 19:00:00,771.4,0.634,22.0,51.94,95
2025-01-29 20:00:00,707.83,0.691,23.24,52.51,58
2025-01-29 21:00:00,806.11,0.655,22.48,53.5,46
2025-01-29 22:00:00,821.9,0.64,26.26,53.74,47
2025-01-29 23:00:00,810.8,0.674,26.82,58.35,41
2025-01-30 00:00:00,875.47,0.692,28.23,54.43,99
2025-01-30 01:00:00,862.2,0.706,30.86,68.1,42
2025-01-30 02:00:00,825.4,0.766,32.21,70.2,97
2025-01-30 03:00:00,884.2,0.744,32.91,72.89,90
2025-01-30 04:00:00,824.71,0.757,33.12,71.05,63
2025-01-30 05:00:00,855.99,0.8,35.33,67.69,97
2025-01-30 06:00:00,884.86,0.79,35.17,70.4,54
2025-01-30 07:00:00,797.94,0.784,33.35,73.24,85
2025-01-30 08:00:00,994.38,0.745,32.87,68.03,411
2025-01-30 09:00:00,951.74,0.683,30.28,65.89,310
2025-01-30 10:00:00,985.14,0.714,31.27,68.17,311
2025-01-30 11:00:00,920.31,0.727,29.77,59.51,403
2025-01-30 12:00:00,1051.01,0.726,27.68,63.99,474
2025-01-30 13:00:00,866.07,0.675,25.99,52.2,242
2025-01-30 14:00:00,953.35,0.677,27.55,53.07,336
2025-01-30 15:00:00,917.59,0.638,22.21,53.7,353
2025-01-30 16:00:00,876.69,0.639,21.05,51.88,429
2025-01-30 17:00:00,807.82,0.67,22.24,51.57,251
2025-01-30 18:00:00,856.34,0.658,21.48,56.49,353
2025-01-30 19:00:00,739.8,0.639,22.25,52.43,72
2025-01-30 20:00:00,778.5,0.663,23.57,54.37,76
2025-01-30 21:00:00,795.51,0.617,23.96,54.42,30
2025-01-30 22:00:00,751.77,0.66,24.35,58.13,76
2025-01-30 23:00:00,813.7,0.671,26.53,51.03,97
